{
  "base_files_url": "https://raw.githubusercontent.com/7407chrisl/MiSTer_FPGA/tree/main/YC_Cores/",
  "db_files": [
    "YC_db.json.zip"
  ],
  "db_id": "YC_cores",
  "db_url": "https://raw.githubusercontent.com/7407chrisl/MiSTer_FPGA/main/YC_db.json.zip",
  "default_options": {

  },
  "files": {
    "_Arcade_YC/cores/Arkanoid_20220517.rbf": {
      "delete": [
        "_Arcade_YC/cores/Arkanoid_*"
      ],
      "hash": "ed203174907b73ad352cb0ec2bbf1968",
      "size": 3136608,
      "tags": [
        15,
        39,
        109
      ]
    },
    "_Arcade_YC/cores/AtariTetris_20220521.rbf": {
      "delete": [
        "_Arcade_YC/cores/AtariTetris_*"
      ],
      "hash": "1b31879f0efaa7258a2f82d2c931d2f9",
      "size": 2967808,
      "tags": [
        15,
        92,
        109
      ]
    },
    "_Arcade_YC/cores/Bagman_20220529.rbf": {
      "delete": [
        "_Arcade_YC/cores/Bagman_*"
      ],
      "hash": "e1dfcd26ac301082da27ecf810e08866",
      "size": 3060884,
      "tags": [
        15,
        45,
        109
      ]
    },
    "_Arcade_YC/cores/Berzerk_20220521.rbf": {
      "delete": [
        "_Arcade_YC/cores/Berzerk_*"
      ],
      "hash": "077b8d9633ee9958de8d4dfa551a7e7a",
      "size": 2694644,
      "tags": [
        15,
        48,
        109
      ]
    },
    "_Arcade_YC/cores/Blockade_20220529.rbf": {
      "delete": [
        "_Arcade_YC/cores/Blockade_*"
      ],
      "hash": "49a5375e67475362fb96adc04d746afe",
      "size": 2749396,
      "tags": [
        15,
        104,
        109
      ]
    },
    "_Arcade_YC/cores/BombJack_20220529.rbf": {
      "delete": [
        "_Arcade_YC/cores/BombJack_*"
      ],
      "hash": "4f61d9b1432c483c8a750b858e0d26b7",
      "size": 3148456,
      "tags": [
        15,
        49,
        109
      ]
    },
    "_Arcade_YC/cores/BurgerTime_20220521.rbf": {
      "delete": [
        "_Arcade_YC/cores/BurgerTime_*"
      ],
      "hash": "c772e784eb2634c49388f50390234303",
      "size": 2803096,
      "tags": [
        15,
        51,
        109
      ]
    },
    "_Arcade_YC/cores/BurningRubber_20220529.rbf": {
      "delete": [
        "_Arcade_YC/cores/BurningRubber_*"
      ],
      "hash": "99ca2bc7dec8980438c3e95497eb4772",
      "size": 3104380,
      "tags": [
        15,
        52,
        109
      ]
    },
    "_Arcade_YC/cores/CanyonBomber_20220521.rbf": {
      "delete": [
        "_Arcade_YC/cores/CanyonBomber_*"
      ],
      "hash": "dbf19d99c6f5dbba6e581a92a412ff2d",
      "size": 2604168,
      "tags": [
        15,
        106,
        109
      ]
    },
    "_Arcade_YC/cores/Cave_202200923.rbf": {
      "delete": [
        "_Arcade_YC/cores/Cave_*"
      ],
      "hash": "7dd989983748e566a50f7bfdbb02df0f",
      "size": 3803768,
      "tags": [
        15,
        57,
        109
      ]
    },
    "_Arcade_YC/cores/Centipede_20220409.rbf": {
      "delete": [
        "_Arcade_YC/cores/Centipede_*"
      ],
      "hash": "0fc5f40568f98ec4637296936f12aa1d",
      "size": 2814116,
      "tags": [
        15,
        53,
        109
      ]
    },
    "_Arcade_YC/cores/Chameleon_20220907.rbf": {
      "delete": [
        "_Arcade_YC/cores/Chameleon_*"
      ],
      "hash": "d9e41bc80d99a4b80c8d97c40e452626",
      "size": 3140000,
      "tags": [
        15,
        107,
        109
      ]
    },
    "_Arcade_YC/cores/ComputerSpace_20220529.rbf": {
      "delete": [
        "_Arcade_YC/cores/ComputerSpace_*"
      ],
      "hash": "131f01854525d8a43041c8b323355698",
      "size": 2447116,
      "tags": [
        15,
        108,
        109
      ]
    },
    "_Arcade_YC/cores/Cosmic_20220521.rbf": {
      "delete": [
        "_Arcade_YC/cores/Cosmic_*"
      ],
      "hash": "3cabb4e90b3ee699bc40aa59ebbc8397",
      "size": 2934324,
      "tags": [
        15,
        109,
        111
      ]
    },
    "_Arcade_YC/cores/CrazyBalloon_20220529.rbf": {
      "delete": [
        "_Arcade_YC/cores/CrazyBalloon_*"
      ],
      "hash": "7b88631204d42324e65935e1b26bb19b",
      "size": 2893252,
      "tags": [
        15,
        109,
        112
      ]
    },
    "_Arcade_YC/cores/CrazyClimber_20220529.rbf": {
      "delete": [
        "_Arcade_YC/cores/CrazyClimber_*"
      ],
      "hash": "c4f7b71e66fe5b0acbdce7821c684fc7",
      "size": 2722604,
      "tags": [
        15,
        55,
        109
      ]
    },
    "_Arcade_YC/cores/CrazyKong_20220529.rbf": {
      "delete": [
        "_Arcade_YC/cores/CrazyKong_*"
      ],
      "hash": "761f0f5b8ead98a53edcf96f98db53ee",
      "size": 2998752,
      "tags": [
        15,
        56,
        109
      ]
    },
    "_Arcade_YC/cores/Defender_20220521.rbf": {
      "delete": [
        "_Arcade_YC/cores/Defender_*"
      ],
      "hash": "3e1d50e05ac313402cc510453fd42bb3",
      "size": 2788680,
      "tags": [
        15,
        54,
        109
      ]
    },
    "_Arcade_YC/cores/DigDug_20220521.rbf": {
      "delete": [
        "_Arcade_YC/cores/DigDug_*"
      ],
      "hash": "87b068eed95a369dabc6dfde55450a4f",
      "size": 2943952,
      "tags": [
        15,
        59,
        109
      ]
    },
    "_Arcade_YC/cores/Dominos_20220521.rbf": {
      "delete": [
        "_Arcade_YC/cores/Dominos_*"
      ],
      "hash": "3a78ce6e29dd07213a7195418ae98baa",
      "size": 2564744,
      "tags": [
        15,
        109,
        113
      ]
    },
    "_Arcade_YC/cores/DonkeyKong_20220521.rbf": {
      "delete": [
        "_Arcade_YC/cores/DonkeyKong_*"
      ],
      "hash": "3ca451d8bfe24eca49df8d9dee5f8080",
      "size": 3129936,
      "tags": [
        15,
        61,
        109
      ]
    },
    "_Arcade_YC/cores/DonkeyKong3_20220529.rbf": {
      "delete": [
        "_Arcade_YC/cores/DonkeyKong3_*"
      ],
      "hash": "3314981442243560f90735719f785db7",
      "size": 2897312,
      "tags": [
        15,
        109,
        114
      ]
    },
    "_Arcade_YC/cores/DonkeyKongJunior_20220521.rbf": {
      "delete": [
        "_Arcade_YC/cores/DonkeyKongJunior_*"
      ],
      "hash": "884cacc63871bce43a16e76457fc79c5",
      "size": 3315800,
      "tags": [
        15,
        62,
        109
      ]
    },
    "_Arcade_YC/cores/Druaga_20220529.rbf": {
      "delete": [
        "_Arcade_YC/cores/Druaga_*"
      ],
      "hash": "cfca242b37760d517370eaa25e6c8b7d",
      "size": 3285100,
      "tags": [
        15,
        58,
        109
      ]
    },
    "_Arcade_YC/cores/Finalizer_20220521.rbf": {
      "delete": [
        "_Arcade_YC/cores/Finalizer_*"
      ],
      "hash": "a9beff228d16e465ed60cb5e2c4f83a6",
      "size": 3219160,
      "tags": [
        15,
        109,
        116
      ]
    },
    "_Arcade_YC/cores/FoodFight_20220521.rbf": {
      "delete": [
        "_Arcade_YC/cores/FoodFight_*"
      ],
      "hash": "4f4686d6939bd39322f5991e2f78db17",
      "size": 2881472,
      "tags": [
        15,
        64,
        109
      ]
    },
    "_Arcade_YC/cores/Frenzy_20220529.rbf": {
      "delete": [
        "_Arcade_YC/cores/Frenzy_*"
      ],
      "hash": "552b0790e3d48ae09a01f39ce50099c3",
      "size": 2658580,
      "tags": [
        15,
        109,
        117
      ]
    },
    "_Arcade_YC/cores/Galaga_20220521.rbf": {
      "delete": [
        "_Arcade_YC/cores/Galaga_*"
      ],
      "hash": "7b515b2220223a8c57a627b6525f7863",
      "size": 2985988,
      "tags": [
        15,
        65,
        109
      ]
    },
    "_Arcade_YC/cores/Galaxian_20220521.rbf": {
      "delete": [
        "_Arcade_YC/cores/Galaxian_*"
      ],
      "hash": "c7cbad74c1c79f0ce76de25ee50f273b",
      "size": 2893944,
      "tags": [
        15,
        66,
        109
      ]
    },
    "_Arcade_YC/cores/Galivan_20220923.rbf": {
      "delete": [
        "_Arcade_YC/cores/Galivan_*"
      ],
      "hash": "ac7b9539ea244effe6acdd40e8d49940",
      "size": 3808948,
      "tags": [
        15,
        109,
        118
      ]
    },
    "_Arcade_YC/cores/Gaplus_20220529.rbf": {
      "delete": [
        "_Arcade_YC/cores/Gaplus_*"
      ],
      "hash": "72a4d950df3915f59ec0e1758d2f5d40",
      "size": 3161868,
      "tags": [
        15,
        67,
        109
      ]
    },
    "_Arcade_YC/cores/Gauntlet_20220521.rbf": {
      "delete": [
        "_Arcade_YC/cores/Gauntlet_*"
      ],
      "hash": "3996c142366bc103c79af89b25d0bc78",
      "size": 4094124,
      "tags": [
        15,
        68,
        109
      ]
    },
    "_Arcade_YC/cores/Gyruss_20220529.rbf": {
      "delete": [
        "_Arcade_YC/cores/Gyruss_*"
      ],
      "hash": "5f8003ffca65258ceedb231c47d004ee",
      "size": 3231052,
      "tags": [
        15,
        70,
        109
      ]
    },
    "_Arcade_YC/cores/IremM62_20220529.rbf": {
      "delete": [
        "_Arcade_YC/cores/IremM62_*"
      ],
      "hash": "18d35135f99f0e19c0b8b1d82d50ac60",
      "size": 3148152,
      "tags": [
        15,
        74,
        109
      ]
    },
    "_Arcade_YC/cores/IremM72_20220923.rbf": {
      "delete": [
        "_Arcade_YC/cores/IremM72_*"
      ],
      "hash": "6fbe770764c0bb54a7f4f13531e0ab2b",
      "size": 3924564,
      "tags": [
        15,
        98,
        109
      ]
    },
    "_Arcade_YC/cores/IronHorse_20220521.rbf": {
      "delete": [
        "_Arcade_YC/cores/IronHorse_*"
      ],
      "hash": "62f65d8d000fc9371d6733c9718566a6",
      "size": 3456572,
      "tags": [
        15,
        71,
        109
      ]
    },
    "_Arcade_YC/cores/Jailbreak_20220529.rbf": {
      "delete": [
        "_Arcade_YC/cores/Jailbreak_*"
      ],
      "hash": "4779388afcc69f96657ed93a884f2f3e",
      "size": 3247536,
      "tags": [
        15,
        109,
        122
      ]
    },
    "_Arcade_YC/cores/Joust2_20220409.rbf": {
      "delete": [
        "_Arcade_YC/cores/Joust2_*"
      ],
      "hash": "ef6db3899b8e70bb94824e0676191b43",
      "size": 3295184,
      "tags": [
        15,
        72,
        109
      ]
    },
    "_Arcade_YC/cores/LadyBug_20220529.rbf": {
      "delete": [
        "_Arcade_YC/cores/LadyBug_*"
      ],
      "hash": "7fb52c73306ddbda58df81232b50b91b",
      "size": 2819844,
      "tags": [
        15,
        75,
        109
      ]
    },
    "_Arcade_YC/cores/MarioBros_20220521.rbf": {
      "delete": [
        "_Arcade_YC/cores/MarioBros_*"
      ],
      "hash": "b808c296eeff96f6933a1c6905a9d27b",
      "size": 2939044,
      "tags": [
        15,
        109,
        123
      ]
    },
    "_Arcade_YC/cores/MCR1_20220529.rbf": {
      "delete": [
        "_Arcade_YC/cores/MCR1_*"
      ],
      "hash": "4ca671af79d3d5cd68fd0e65a6241be5",
      "size": 3010836,
      "tags": [
        15,
        73,
        109
      ]
    },
    "_Arcade_YC/cores/MCR2_20220529.rbf": {
      "delete": [
        "_Arcade_YC/cores/MCR2_*"
      ],
      "hash": "3705c6dcf18bfe76c96d050e743ad6fa",
      "size": 3068676,
      "tags": [
        15,
        86,
        109
      ]
    },
    "_Arcade_YC/cores/MCR3_20220529.rbf": {
      "delete": [
        "_Arcade_YC/cores/MCR3_*"
      ],
      "hash": "85430725b409a118105ff1f34f5b7708",
      "size": 3072780,
      "tags": [
        15,
        60,
        109
      ]
    },
    "_Arcade_YC/cores/MCR3Mono_20220529.rbf": {
      "delete": [
        "_Arcade_YC/cores/MCR3Mono_*"
      ],
      "hash": "2862ca03a240c12064d85edefb8d2ad1",
      "size": 3191452,
      "tags": [
        15,
        85,
        109
      ]
    },
    "_Arcade_YC/cores/MCR3Scroll_20220529.rbf": {
      "delete": [
        "_Arcade_YC/cores/MCR3Scroll_*"
      ],
      "hash": "2fdbcf9920c8dbbe9a6529bba5b8bf81",
      "size": 2934228,
      "tags": [
        15,
        90,
        109
      ]
    },
    "_Arcade_YC/cores/MissileCommand_20220923.rbf": {
      "delete": [
        "_Arcade_YC/cores/MissileCommand_*"
      ],
      "hash": "eda183d4e067968c4b36fbc01ae1f947",
      "size": 2898440,
      "tags": [
        15,
        109,
        124
      ]
    },
    "_Arcade_YC/cores/MoonPatrol_20220521.rbf": {
      "delete": [
        "_Arcade_YC/cores/MoonPatrol_*"
      ],
      "hash": "c30a1181e78b4bfb2caf0f38bb35ae4d",
      "size": 3009680,
      "tags": [
        15,
        77,
        109
      ]
    },
    "_Arcade_YC/cores/MrDo_20220521.rbf": {
      "delete": [
        "_Arcade_YC/cores/MrDo_*"
      ],
      "hash": "0f6899cb46a2daf6e7fa4f37ac8d4b4a",
      "size": 2914028,
      "tags": [
        15,
        109,
        125
      ]
    },
    "_Arcade_YC/cores/MysticMarathon_20220409.rbf": {
      "delete": [
        "_Arcade_YC/cores/MysticMarathon_*"
      ],
      "hash": "689394874d7e72f7fd1ea67125c96a56",
      "size": 3206548,
      "tags": [
        15,
        78,
        109
      ]
    },
    "_Arcade_YC/cores/NinjaKun_20220529.rbf": {
      "delete": [
        "_Arcade_YC/cores/NinjaKun_*"
      ],
      "hash": "dd53e3b82d12593118064a382e981cce",
      "size": 3700520,
      "tags": [
        15,
        109,
        126
      ]
    },
    "_Arcade_YC/cores/Pacman_20220521.rbf": {
      "delete": [
        "_Arcade_YC/cores/Pacman_*"
      ],
      "hash": "0b5c9750c8aac528ef3de65c52bfacfb",
      "size": 2884828,
      "tags": [
        15,
        36,
        109
      ]
    },
    "_Arcade_YC/cores/Pengo_20220529.rbf": {
      "delete": [
        "_Arcade_YC/cores/Pengo_*"
      ],
      "hash": "1aad0cd1d28453f9654318876e0258fb",
      "size": 2871552,
      "tags": [
        15,
        79,
        109
      ]
    },
    "_Arcade_YC/cores/Phoenix_20220529.rbf": {
      "delete": [
        "_Arcade_YC/cores/Phoenix_*"
      ],
      "hash": "af825cedb557d2d0f33a7eabad9fde8b",
      "size": 2771312,
      "tags": [
        15,
        80,
        109
      ]
    },
    "_Arcade_YC/cores/Pleiads_20220529.rbf": {
      "delete": [
        "_Arcade_YC/cores/Pleiads_*"
      ],
      "hash": "1c29036ad328d5202cf8bd9163bc2075",
      "size": 2631036,
      "tags": [
        15,
        82,
        109
      ]
    },
    "_Arcade_YC/cores/Pooyan_20220529.rbf": {
      "delete": [
        "_Arcade_YC/cores/Pooyan_*"
      ],
      "hash": "2dbcdd9b45d5be665a3636c294d1f77c",
      "size": 2958368,
      "tags": [
        15,
        83,
        109
      ]
    },
    "_Arcade_YC/cores/Popeye_20220521.rbf": {
      "delete": [
        "_Arcade_YC/cores/Popeye_*"
      ],
      "hash": "3691c9f198209b3d180784de7e53e057",
      "size": 2858420,
      "tags": [
        15,
        109,
        130
      ]
    },
    "_Arcade_YC/cores/QBert_20220521.rbf": {
      "delete": [
        "_Arcade_YC/cores/QBert_*"
      ],
      "hash": "b871f9b5de15b3febc8db9494eaf860e",
      "size": 3042768,
      "tags": [
        15,
        109,
        131
      ]
    },
    "_Arcade_YC/cores/RallyX_20220529.rbf": {
      "delete": [
        "_Arcade_YC/cores/RallyX_*"
      ],
      "hash": "43c5ad12e1dd53d98901b630ced96d2a",
      "size": 2761252,
      "tags": [
        15,
        84,
        109
      ]
    },
    "_Arcade_YC/cores/RiverPatrol_20220521.rbf": {
      "delete": [
        "_Arcade_YC/cores/RiverPatrol_*"
      ],
      "hash": "f13d7e09dd873cb130072e0a30de3a06",
      "size": 2743032,
      "tags": [
        15,
        109,
        132
      ]
    },
    "_Arcade_YC/cores/Robotron_20220529.rbf": {
      "delete": [
        "_Arcade_YC/cores/Robotron_*"
      ],
      "hash": "af8cc7563c31a56b2b4a4c605b12b88a",
      "size": 3057872,
      "tags": [
        15,
        50,
        109
      ]
    },
    "_Arcade_YC/cores/RshnAtk_20220529.rbf": {
      "delete": [
        "_Arcade_YC/cores/RshnAtk_*"
      ],
      "hash": "35c6929cdff27bc2df67802f4b88ee99",
      "size": 3089916,
      "tags": [
        15,
        69,
        109
      ]
    },
    "_Arcade_YC/cores/ScooterShooter_20220529.rbf": {
      "delete": [
        "_Arcade_YC/cores/ScooterShooter_*"
      ],
      "hash": "d3d314dffa1703724a8300b4859c62b9",
      "size": 3390304,
      "tags": [
        15,
        109,
        133
      ]
    },
    "_Arcade_YC/cores/Scramble_20220529.rbf": {
      "delete": [
        "_Arcade_YC/cores/Scramble_*"
      ],
      "hash": "10cd0f49d55d5aa112755ba030df9136",
      "size": 3520116,
      "tags": [
        15,
        38,
        109
      ]
    },
    "_Arcade_YC/cores/SEGASYS1_20220409.rbf": {
      "delete": [
        "_Arcade_YC/cores/SEGASYS1_*"
      ],
      "hash": "f6cf605d2db8a6652aba2a049b7e558e",
      "size": 3379460,
      "tags": [
        15,
        81,
        109
      ]
    },
    "_Arcade_YC/cores/SilverLand_20220529.rbf": {
      "delete": [
        "_Arcade_YC/cores/SilverLand_*"
      ],
      "hash": "55168bd1b63355d9a01fae9af6230818",
      "size": 2745504,
      "tags": [
        15,
        109,
        134
      ]
    },
    "_Arcade_YC/cores/SNK_TripleZ80_20220521.rbf": {
      "delete": [
        "_Arcade_YC/cores/SNK_TripleZ80_*"
      ],
      "hash": "885b5b397ddb2a9e892f698de92cf4d9",
      "size": 3484168,
      "tags": [
        15,
        41,
        109
      ]
    },
    "_Arcade_YC/cores/SolomonsKey_20220529.rbf": {
      "delete": [
        "_Arcade_YC/cores/SolomonsKey_*"
      ],
      "hash": "eaf915893f8efc31c748a320e9cc8e53",
      "size": 3351808,
      "tags": [
        15,
        87,
        109
      ]
    },
    "_Arcade_YC/cores/SpaceRace_20220529.rbf": {
      "delete": [
        "_Arcade_YC/cores/SpaceRace_*"
      ],
      "hash": "aa1fb1db61dd6ab42dfff60f9cbc71fd",
      "size": 2721440,
      "tags": [
        15,
        109,
        135
      ]
    },
    "_Arcade_YC/cores/Sprint1_20220529.rbf": {
      "delete": [
        "_Arcade_YC/cores/Sprint1_*"
      ],
      "hash": "aca43c349085981191d82298bfa754f4",
      "size": 2591136,
      "tags": [
        15,
        109,
        136
      ]
    },
    "_Arcade_YC/cores/Sprint2_20220529.rbf": {
      "delete": [
        "_Arcade_YC/cores/Sprint2_*"
      ],
      "hash": "8cf2547e5ce3176b5a224ee850da5261",
      "size": 2626548,
      "tags": [
        15,
        89,
        109
      ]
    },
    "_Arcade_YC/cores/Subs_20220529.rbf": {
      "delete": [
        "_Arcade_YC/cores/Subs_*"
      ],
      "hash": "6e8a0fbd1bdca4c8105887d5eb47f711",
      "size": 2584720,
      "tags": [
        15,
        109,
        137
      ]
    },
    "_Arcade_YC/cores/SuperBreakout_20220529.rbf": {
      "delete": [
        "_Arcade_YC/cores/SuperBreakout_*"
      ],
      "hash": "387576aed6ce2a19a3512d38341c9747",
      "size": 2574696,
      "tags": [
        15,
        91,
        109
      ]
    },
    "_Arcade_YC/cores/TimePilot_20220529.rbf": {
      "delete": [
        "_Arcade_YC/cores/TimePilot_*"
      ],
      "hash": "25a166da4acf5e8423ff2360db19eb5d",
      "size": 2955224,
      "tags": [
        15,
        94,
        109
      ]
    },
    "_Arcade_YC/cores/TimePilot84_20220529.rbf": {
      "delete": [
        "_Arcade_YC/cores/TimePilot84_*"
      ],
      "hash": "9875ab5327e3a921179a983fd8222769",
      "size": 3127936,
      "tags": [
        15,
        93,
        109
      ]
    },
    "_Arcade_YC/cores/TurkeyShoot_20220521.rbf": {
      "delete": [
        "_Arcade_YC/cores/TurkeyShoot_*"
      ],
      "hash": "79e8d8d88aa01eb11d336cce8185aa66",
      "size": 3186748,
      "tags": [
        15,
        109,
        141
      ]
    },
    "_Arcade_YC/cores/Ultratank_20220529.rbf": {
      "delete": [
        "_Arcade_YC/cores/Ultratank_*"
      ],
      "hash": "325692ee62f1bc724bf58cd6cf762543",
      "size": 2590988,
      "tags": [
        15,
        109,
        142
      ]
    },
    "_Arcade_YC/cores/VBall_20220923.rbf": {
      "delete": [
        "_Arcade_YC/cores/VBall_*"
      ],
      "hash": "a301fae558464f9edd97790070093d80",
      "size": 3728020,
      "tags": [
        15,
        109,
        143
      ]
    },
    "_Arcade_YC/cores/Xevious_20220521.rbf": {
      "delete": [
        "_Arcade_YC/cores/Xevious_*"
      ],
      "hash": "9285a23b8c038e7aca4395d65eb9ed34",
      "size": 3343900,
      "tags": [
        15,
        96,
        109
      ]
    },
    "_Arcade_YC/cores/Zaxxon_20220529.rbf": {
      "delete": [
        "_Arcade_YC/cores/Zaxxon_*"
      ],
      "hash": "9586777df8c9926a3ee54929a95f47c9",
      "size": 3158088,
      "tags": [
        15,
        109,
        144
      ]
    },
    "_Arcade_YC/cores/ZigZag_20220529.rbf": {
      "delete": [
        "_Arcade_YC/cores/ZigZag_*"
      ],
      "hash": "05265c2f0339a42b8924d2d3b7f780d0",
      "size": 2651692,
      "tags": [
        15,
        97,
        109
      ]
    },
    "_Arcade_YC/cores/bakraid_20220905.rbf": {
      "delete": [
        "_Arcade_YC/cores/bakraid_*"
      ],
      "hash": "a3cecc26212dfd7080074e007de7c249",
      "size": 3508552,
      "tags": [
        15,
        "",
        109
      ]
    },
    "_Arcade_YC/cores/batrider_20220907.rbf": {
      "delete": [
        "_Arcade_YC/cores/batrider_*"
      ],
      "hash": "d59cbee35299b1733e4ed53225e71a5b",
      "size": 3521056,
      "tags": [
        15,
        "",
        109
      ]
    },
    "_Arcade_YC/cores/garegga_20220907.rbf": {
      "delete": [
        "_Arcade_YC/cores/garegga_*"
      ],
      "hash": "f0ef149b4f77dcfcfc2c85dac65c808b",
      "size": 3506268,
      "tags": [
        15,
        "",
        109
      ]
    },
    "_Computer_YC/AmstradYC_20220909.rbf": {
      "delete": [
        "_Computer_YC/AmstradYC_*"
      ],
      "hash": "7baba5a637ee05ab88db512c1031e54f",
      "size": 2765620,
      "tags": [
        16,
        109,
        150
      ]
    },
    "_Computer_YC/Apple-IIYC_20220516.rbf": {
      "delete": [
        "_Computer_YC/Apple-IIYC_*"
      ],
      "hash": "43873fdd2f2ab2ee38db2e2c4e2c6c0d",
      "size": 3544824,
      "tags": [
        16,
        109,
        154
      ]
    },
    "_Computer_YC/Atari800YC_20220516.rbf": {
      "delete": [
        "_Computer_YC/Atari800YC_*"
      ],
      "hash": "1871ce3ae6aaad49178a455afd3f147e",
      "size": 3680316,
      "tags": [
        16,
        109,
        157
      ]
    },
    "_Computer_YC/C16YC_20220619.rbf": {
      "delete": [
        "_Computer_YC/C16YC_*"
      ],
      "hash": "c18d19bad1853c783e74357c49e50a3f",
      "size": 3342588,
      "tags": [
        16,
        109,
        161
      ]
    },
    "_Computer_YC/C64YC_20220923.rbf": {
      "delete": [
        "_Computer_YC/C64YC_*"
      ],
      "hash": "dfa44b6f937ce4e56a3b8486614d50f6",
      "size": 3714800,
      "tags": [
        16,
        109,
        162
      ]
    },
    "_Computer_YC/ColecoAdamYC_20220531.rbf": {
      "delete": [
        "_Computer_YC/ColecoAdamYC_*"
      ],
      "hash": "3bc8e386081d067f54bca4e601dd9f2f",
      "size": 3158540,
      "tags": [
        16,
        109,
        166
      ]
    },
    "_Computer_YC/eg2000YC_20220923.rbf": {
      "delete": [
        "_Computer_YC/eg2000YC_*"
      ],
      "hash": "7123d4ce99a8bca75be58550a10bec48",
      "size": 3303316,
      "tags": [
        16,
        109,
        168
      ]
    },
    "_Computer_YC/MSXYC_20220516.rbf": {
      "delete": [
        "_Computer_YC/MSXYC_*"
      ],
      "hash": "1625a14e85b2f353ad751c1a44c66de5",
      "size": 2701580,
      "tags": [
        16,
        109,
        174
      ]
    },
    "_Computer_YC/PCXTYC_20220923.rbf": {
      "delete": [
        "_Computer_YC/PCXTYC_*"
      ],
      "hash": "9652d6255786e46114e24e42e2d27569",
      "size": 3874268,
      "tags": [
        16,
        109,
        179
      ]
    },
    "_Computer_YC/VIC20YC_20220619.rbf": {
      "delete": [
        "_Computer_YC/VIC20YC_*"
      ],
      "hash": "06c335e4eac05c223882e7d9517e36d2",
      "size": 3037580,
      "tags": [
        16,
        109,
        196
      ]
    },
    "_Computer_YC/ZX-SpectrumYC_20220909.rbf": {
      "delete": [
        "_Computer_YC/ZX-SpectrumYC_*"
      ],
      "hash": "9519bba939fe82f7cfddf5f8a6f5c003",
      "size": 3211228,
      "tags": [
        10,
        16,
        109
      ]
    },
    "_Console_YC/AstrocadeYC_20220516.rbf": {
      "delete": [
        "_Console_YC/AstrocadeYC_*"
      ],
      "hash": "dc3ba0e301c9bbad994d1ed4820827cd",
      "size": 2729076,
      "tags": [
        14,
        109,
        202
      ]
    },
    "_Console_YC/Atari5200YC_20220516.rbf": {
      "delete": [
        "_Console_YC/Atari5200YC_*"
      ],
      "hash": "91689f34d7fcabd05592bdc03a89b025",
      "size": 2930200,
      "tags": [
        14,
        109,
        203
      ]
    },
    "_Console_YC/Atari7800YC_20220619.rbf": {
      "delete": [
        "_Console_YC/Atari7800YC_*"
      ],
      "hash": "b2ce70dd3b52710216202b306d6dd5cf",
      "size": 3655592,
      "tags": [
        14,
        27,
        109
      ]
    },
    "_Console_YC/ColecoVisionYC_20220531.rbf": {
      "delete": [
        "_Console_YC/ColecoVisionYC_*"
      ],
      "hash": "9ef91e14092b4603c84452f5e53a6a73",
      "size": 2772176,
      "tags": [
        7,
        14,
        109
      ]
    },
    "_Console_YC/GameboyYC_20220516.rbf": {
      "delete": [
        "_Console_YC/GameboyYC_*"
      ],
      "hash": "684d34291bc296346590f9f11fe9b016",
      "size": 3832356,
      "tags": [
        14,
        21,
        109
      ]
    },
    "_Console_YC/GBAYC_20220923.rbf": {
      "delete": [
        "_Console_YC/GBAYC_*"
      ],
      "hash": "b65ed14925b7d971c3e04bbfff1d0777",
      "size": 4294144,
      "tags": [
        14,
        20,
        109
      ]
    },
    "_Console_YC/GenesisYC_20220907.rbf": {
      "delete": [
        "_Console_YC/GenesisYC_*"
      ],
      "hash": "18f9260061536b54fd56d6de00e2bccd",
      "size": 3761864,
      "tags": [
        4,
        14,
        109
      ]
    },
    "_Console_YC/IntvYC_20220619.rbf": {
      "delete": [
        "_Console_YC/IntvYC_*"
      ],
      "hash": "1f2951d90c71bad27e068423642307cf",
      "size": 3274736,
      "tags": [
        14,
        109,
        212
      ]
    },
    "_Console_YC/MegaCDYC_20220923.rbf": {
      "delete": [
        "_Console_YC/MegaCDYC_*"
      ],
      "hash": "262998b45acad730c7c2c0af266421d3",
      "size": 4212024,
      "tags": [
        5,
        14,
        109
      ]
    },
    "_Console_YC/NeoGeoYC_20221001.rbf": {
      "delete": [
        "_Console_YC/NeoGeoYC_*"
      ],
      "hash": "c5332ab02f71690238285ea7e43aa828",
      "size": 3660672,
      "tags": [
        14,
        109,
        213
      ]
    },
    "_Console_YC/NESYC_20220923.rbf": {
      "delete": [
        "_Console_YC/NESYC_*"
      ],
      "hash": "3abfcf07cdab03064cf825b2536d5d6b",
      "size": 3197980,
      "tags": [
        0,
        14,
        109
      ]
    },
    "_Console_YC/Odyssey2YC_20220619.rbf": {
      "delete": [
        "_Console_YC/Odyssey2YC_*"
      ],
      "hash": "e4a2e9c809fdc0aa20ed7af8aa176d96",
      "size": 2842600,
      "tags": [
        14,
        109,
        214
      ]
    },
    "_Console_YC/PSXYC_20220923.rbf": {
      "delete": [
        "_Console_YC/PSXYC_*"
      ],
      "hash": "adcf987bd9dadf33069e73f925675bb1",
      "size": 4308524,
      "tags": [
        14,
        22,
        109
      ]
    },
    "_Console_YC/S32XYC_20221002.rbf": {
      "delete": [
        "_Console_YC/S32XYC_*"
      ],
      "hash": "c91032ff2f15aca31eeb5c4c2d202dcf",
      "size": 4191816,
      "tags": [
        14,
        109,
        216
      ]
    },
    "_Console_YC/SaturnYCBeta_20221014.rbf": {
      "delete": [
        "_Console_YC/SaturnYCBeta_*"
      ],
      "hash": "97356720eba1b27cd481fce4a1d5571d",
      "size": 4536188,
      "tags": [
        14,
        109,
        ""
      ]
    },
    "_Console_YC/SGBYC_20220722.rbf": {
      "delete": [
        "_Console_YC/SGBYC_*"
      ],
      "hash": "c1d2498cbb3a90b9a3f853c096b16762",
      "size": 4048912,
      "tags": [
        14,
        109,
        217
      ]
    },
    "_Console_YC/SMSYC_20220922.rbf": {
      "delete": [
        "_Console_YC/SMSYC_*"
      ],
      "hash": "6acf5d8313a2f1143143dc0b0d7dd655",
      "size": 3323232,
      "tags": [
        6,
        14,
        109
      ]
    },
    "_Console_YC/SNESYC_20220524.rbf": {
      "delete": [
        "_Console_YC/SNESYC_*"
      ],
      "hash": "6144de2f63a9f6535416e68d717f49cc",
      "size": 4355388,
      "tags": [
        1,
        14,
        109
      ]
    },
    "_Console_YC/TurboGrafx16YC_20220923.rbf": {
      "delete": [
        "_Console_YC/TurboGrafx16YC_*"
      ],
      "hash": "8dca6112934f28b27be750b301e9c948",
      "size": 4237532,
      "tags": [
        2,
        14,
        109
      ]
    },
    "_Console_YC/WonderSwanYC_20220923.rbf": {
      "delete": [
        "_Console_YC/WonderSwanYC_*"
      ],
      "hash": "cc13c643c9f4b53efa2cef11861ab0f8",
      "size": 3510224,
      "tags": [
        14,
        109,
        221
      ]
    }
  },
  "folders": {
    "_Arcade_YC": {
      "tags": [
        15
      ]
    },
    "_Arcade_YC/cores": {
      "tags": [
        15,
        109
      ]
    },
    "_Computer_YC": {
      "tags": [
        16,
        109
      ]
    },
    "_Console_YC": {
      "tags": [
        14,
        109
      ]
    }
  },
  "latest_zip_url": "https://github.com/7407chrisl/MiSTer_FPGA/archive/refs/heads/main.zip",
  "tag_dictionary": {
    "acornatom": 145,
    "acornelectron": 146,
    "adam": 234,
    "adctest": 229,
    "adventurevision": 200,
    "alicemc10": 147,
    "allfilters": 29,
    "altair8800": 148,
    "alternatives": 37,
    "amiga": 9,
    "amstrad": 150,
    "amstradpcw": 149,
    "ao486": 151,
    "apogee": 152,
    "applei": 153,
    "appleii": 154,
    "aquarius": 155,
    "arcade_yc": 15,
    "arcadearkanoid": 39,
    "arcadeasteroids": 42,
    "arcadeasteroidsdeluxe": 44,
    "arcadeastrocade": 110,
    "arcadeataritetris": 92,
    "arcadeathena": 100,
    "arcadebagman": 45,
    "arcadebakraid": 46,
    "arcadebankpanic": 101,
    "arcadebatrider": 40,
    "arcadeberzerk": 48,
    "arcadeblackwidow": 103,
    "arcadeblockade": 104,
    "arcadebombjack": 49,
    "arcadebreakout": 105,
    "arcadeburgertime": 51,
    "arcadeburningrubber": 52,
    "arcadecanyonbomber": 106,
    "arcadecave": 57,
    "arcadecentipede": 53,
    "arcadechameleon": 107,
    "arcadecomputerspace": 108,
    "arcadecores": 15,
    "arcadecosmic": 111,
    "arcadecrazyballoon": 112,
    "arcadecrazyclimber": 55,
    "arcadecrazykong": 56,
    "arcadedefender": 54,
    "arcadedigdug": 59,
    "arcadedominos": 113,
    "arcadedonkeykong": 61,
    "arcadedonkeykong3": 114,
    "arcadedonkeykongjunior": 62,
    "arcadedorodon": 63,
    "arcadedottorikun": 115,
    "arcadedruaga": 58,
    "arcadefinalizer": 116,
    "arcadefoodfight": 64,
    "arcadefrenzy": 117,
    "arcadegalaga": 65,
    "arcadegalaxian": 66,
    "arcadegalivan": 118,
    "arcadegaplus": 67,
    "arcadegaregga": 47,
    "arcadegauntlet": 68,
    "arcadegyruss": 70,
    "arcadeikariwarriors": 119,
    "arcadeinferno": 120,
    "arcadeiremm62": 74,
    "arcadeiremm72": 98,
    "arcadeironhorse": 71,
    "arcadejackal": 121,
    "arcadejailbreak": 122,
    "arcadejoust2": 72,
    "arcadeladybug": 75,
    "arcadelpf": 258,
    "arcadelunarlander": 76,
    "arcademariobros": 123,
    "arcademcr1": 73,
    "arcademcr2": 86,
    "arcademcr3": 60,
    "arcademcr3mono": 85,
    "arcademcr3scroll": 90,
    "arcademissilecommand": 124,
    "arcademoonpatrol": 77,
    "arcademrdo": 125,
    "arcademysticmarathon": 78,
    "arcadeninjakun": 126,
    "arcadepacman": 36,
    "arcadepengo": 79,
    "arcadepenguinkunwars": 127,
    "arcadephoenix": 80,
    "arcadepleiads": 82,
    "arcadepolyplay": 128,
    "arcadepong": 129,
    "arcadepooyan": 83,
    "arcadepopeye": 130,
    "arcadeqbert": 131,
    "arcaderallyx": 84,
    "arcaderiverpatrol": 132,
    "arcaderobotron": 50,
    "arcadershnatk": 69,
    "arcadescootershooter": 133,
    "arcadescramble": 38,
    "arcadesegasys1": 81,
    "arcadesilverland": 134,
    "arcadesms": 99,
    "arcadesnktriplez80": 41,
    "arcadesolomonskey": 87,
    "arcadespaceinvaders": 88,
    "arcadespacerace": 135,
    "arcadesprint1": 136,
    "arcadesprint2": 89,
    "arcadesubs": 137,
    "arcadesuperbreakout": 91,
    "arcadetankbattalion": 138,
    "arcadetecmo": 139,
    "arcadetiamc1": 102,
    "arcadetimepilot": 94,
    "arcadetimepilot84": 93,
    "arcadetnkiii": 140,
    "arcadetraverseusa": 95,
    "arcadeturkeyshoot": 141,
    "arcadeultratank": 142,
    "arcadevball": 143,
    "arcadexevious": 96,
    "arcadezaxxon": 144,
    "arcadezigzag": 97,
    "arcadia": 201,
    "archie": 156,
    "arduboy": 222,
    "astrocade": 202,
    "atari5200": 203,
    "atari7800": 27,
    "atari800": 157,
    "atarilynx": 204,
    "atarist": 158,
    "avision": 235,
    "ay38500": 205,
    "bbcmicro": 159,
    "bios": 239,
    "bk0011m": 160,
    "c16": 161,
    "c64": 162,
    "casiopv1000": 206,
    "casiopv2000": 163,
    "channelf": 207,
    "cheats": 19,
    "chess": 223,
    "chip8": 224,
    "coco2": 164,
    "coco3": 165,
    "coleco": 7,
    "colecoadam": 166,
    "colecovision": 7,
    "complexmultichromatic": 263,
    "computer_yc": 16,
    "computercores": 16,
    "console_yc": 14,
    "consolecores": 14,
    "contrastboost": 260,
    "cores": 109,
    "corespecific": 254,
    "creativision": 208,
    "crtsimulation": 257,
    "displayspecific": 265,
    "docs": 232,
    "drv": 240,
    "edsac": 167,
    "eg2000": 168,
    "epochgalaxyii": 225,
    "essential": 245,
    "extrautilities": 238,
    "famicom": 0,
    "filters": 28,
    "filtersaudio": 31,
    "filtersvideo": 30,
    "flappy": 13,
    "flappybird": 13,
    "font": 33,
    "galaksija": 169,
    "gamate": 209,
    "gameboy": 21,
    "gameboy2p": 25,
    "gamecontrollerdb": 267,
    "gamenwatch": 236,
    "gameoflife": 226,
    "games": 23,
    "gamma": 32,
    "gba": 20,
    "gba2p": 210,
    "generalhardware": 266,
    "generallpf": 256,
    "genesis": 4,
    "gnw": 211,
    "handheld2p": 26,
    "hbmame": 43,
    "inputtest": 230,
    "intellivision": 212,
    "interact": 170,
    "jupiter": 171,
    "laser": 12,
    "laser310": 12,
    "lcdgeneral": 259,
    "lcdintegeronly": 255,
    "linux": 243,
    "lynx48": 172,
    "macplus": 173,
    "mame": 268,
    "mastersystem": 6,
    "megacd": 5,
    "megadrive": 4,
    "memte": 241,
    "memtest": 231,
    "menu": 244,
    "minimig": 9,
    "mra": 35,
    "msx": 174,
    "multicomp": 175,
    "neogeo": 213,
    "nes": 0,
    "nintendo": 0,
    "odyssey2": 214,
    "old": 242,
    "ondraspo186": 176,
    "orao": 177,
    "oric": 178,
    "other": 17,
    "othercores": 17,
    "palettes": 24,
    "pc88": 11,
    "pc8801": 11,
    "pcengine": 2,
    "pcenginecd": 3,
    "pcxt": 179,
    "pdp1": 180,
    "pet2001": 181,
    "pmd85": 182,
    "pokemonmini": 215,
    "polygamma": 261,
    "presets": 246,
    "psx": 22,
    "puregamma": 262,
    "ql": 183,
    "readme": 233,
    "rx78": 184,
    "s32x": 216,
    "samcoupe": 185,
    "scanlinesadaptive": 252,
    "scanlinesbrighter": 248,
    "scanlinesstandard": 253,
    "scripts": 247,
    "segacd": 5,
    "servicecores": 18,
    "sgb": 217,
    "shadowmasks": 34,
    "sharpmz": 186,
    "simplemonochrome": 264,
    "slugcross": 227,
    "sms": 6,
    "snes": 1,
    "sordm5": 187,
    "specialist": 188,
    "spectrum": 10,
    "spmx": 237,
    "sufami": 1,
    "superfamicom": 1,
    "supernes": 1,
    "supernintendo": 1,
    "supervision": 218,
    "svi328": 189,
    "tatungeinstein": 190,
    "tgfx16": 2,
    "tgfx16cd": 3,
    "ti994a": 191,
    "tomyscramble": 228,
    "tomytutor": 192,
    "trs80": 193,
    "tsconf": 194,
    "turbografx": 2,
    "turbografx16": 2,
    "turbografx16cd": 3,
    "turbografxcd": 3,
    "uk101": 195,
    "upscalinglanczosbicubicetc": 249,
    "upscalingrecommended": 251,
    "upscalingsharpbilinear": 250,
    "utility": 18,
    "vc4000": 219,
    "vector06": 8,
    "vector06c": 8,
    "vectrex": 220,
    "vic20": 196,
    "wonderswan": 221,
    "x68000": 197,
    "zx81": 198,
    "zxnext": 199,
    "zxspectrum": 10
  },
  "timestamp": 1666049699,
  "zips": {

  }
}